{
    "ID_REQ_CMD_GETSERVERTIMESTR": 0.020417677235761746,
    "ID_REQ_CMD_GETKONTROLLRECHNERSTATS": 0.03938062670421528,
    "ID_REQ_CMD_GETREPLIKONTROLLEDATA": 0.03710256410256411,
    "ID_REQ_CMD_GETREPLIKONTROLLE2DATA": 0.035963636363636364,
    "ID_REQ_CMD_GETREPLIKONTROLLE3DATA": 0.045736111111111116,
    "ID_REQ_CMD_GETREPLIKONTROLLE4DATA": 0.047266666666677594,
    "ID_REQ_CMD_GETREPLIKONTROLLE5DATA": 0.05208571428571435,
    "ID_REQ_CMD_GETREPLIKONTROLLE6DATA": 0.04342857142865935,
    "ID_REQ_CMD_GETREPLIKONTROLLE7DATA": 0.03842857142866875,
    "ID_REQ_CMD_GETREPLIKONTROLLE8DATA": 0.054454545454545915,
    "ID_LESE_MEMOTEXT": 0.042528752018208035,
    "ID_REQ_LCMD_MONGETMITARBEITER": 0.028757687007563405,
    "ID_SCHREIBE_MEMOTEXT": 0.07026353410134402,
    "ID_LESE_MEMOAVIA": 0.0347216268205551,
    "ID_REQ_CHECK_FIBU_DATEI": 0.023694261112810873,
    "ID_GET_EINMALIG": 0.07405000009051534,
    "ID_PUT_EINMALIG": 0.09589999996809423,
    "ID_REQ_LESE_ABRECHNUNGS_CONFIG": 0.021131578947368418,
    "ID_REQ_GET_TABLE_INETUSER": 0.14676740376740374,
    "ID_REQ_SCHREIBE_ABRECHNUNGS_CONFIG": 0.16317500127201617,
    "ID_REQ_LCMD_MONGET_IBKUDTSP": 3.5331585365853657,
    "ID_REQ_LCMD_MONGET_IBKUDTSP_SINGLE": 0.060952152958335976,
    "ID_REQ_PUT_IBKUDTSP": 0.05162864887406172,
    "ID_REQ_LCMD_MONGETEP": 0.020294132734850916,
    "ID_REQ_LCMD_CRMGETCALLNUMMERVERTRAGSNUMMERZUORDNUNG": 0.022716316213642024,
    "ID_REQ_LCMD_CRMGETGERAETDATEN": 0.02885098260379159,
    "ID_REQ_LCMD_MONGETGVL": 0.030245881597848343,
    "ID_REQ_LCMD_MONGETVP": 0.028357520817436886,
    "ID_GET_EP_FIRMANSL_2": 0.02300160903742688,
    "ID_REQ_MONSTORESERVICELOGBUCH": 0.10349096576980116,
    "ID_SEND_FAX_WITH_PK_PERMISSION": 0.08257266009852217,
    "ID_REQ_LCMD_MONGET_ANTRAGSNOTIZEN": 0.03251529063309885,
    "ID_DO_CLIENTLOG": 0.02015139001977434,
    "ID_REQ_LCMD_MONPUT_ANTRAGSNOTIZEN": 0.047699670802734864,
    "ID_REQ_MONGETSERVICELOGBUCH": 0.22160817905498756,
    "ID_REQ_GET_EPDATA_VIA_EPZUO": 0.0576996998070188,
    "ID_REQ_GET_VITAKTANTRAEGE_KVKD_DETAIL": 0.026335599176897644,
    "ID_GET_VITAKTANTRAEGE_SUKVKD_FANR": 0.09695577338907309,
    "ID_GET_VERTRAGSNUMMER_CALLNUMMER_ZUO": 0.022644053017091038,
    "ID_GET_TEMP_INFO": 0.02359156631358492,
    "ID_GET_GERAETE_ZUO": 0.023100502512562814,
    "ID_GET_KVNR_SUCHE": 0.025081628802173753,
    "ID_REQ_LCMD_MONGET_INTERN_ONLY": 0.024588845716451858,
    "ID_GET_ZUGANGSDATEN": 0.04185397237045534,
    "ID_CHECK_TEMP_INFO": 0.02813272171253823,
    "ID_REQ_LCMD_MONGETEPFORCALLNUMBER": 0.025910843866044357,
    "ID_GET_VP_GEWERBLICH": 0.024905129158149044,
    "ID_REQ_LCMD_MONPUT_INTERN_ONLY": 0.04210451223755945,
    "ID_REQ_LCMD_MONPUTEP": 0.040761387951382,
    "ID_GET_SANCRM_SINGLE": 0.027370370370370368,
    "ID_REQ_GET_WERTSUCHE_SEARCH": 0.026317073170731706,
    "ID_GET_GERAETEARCHIV": 0.04065502183406114,
    "ID_LESE_BLOCKLISTE": 0.6231003236245956,
    "ID_REQ_SEARCH_KUNDEEP": 0.19154479242534594,
    "ID_REQ_LCMD_MONGET_ALARMVERFOLGUNG": 0.02791864819322224,
    "ID_WERTSUCHE_SINGLE_GLOBAL": 2.0076889900884005,
    "ID_REQ_LCMD_MONSEARCHGVL": 0.2844544405997693,
    "ID_GET_BANKVERBINDUNG": 0.04924224836766237,
    "ID_REQ_LCMD_MONPUTGVL": 0.049923076923076924,
    "ID_GET_EP0_EPZUO": 0.3192724409448819,
    "ID_REQ_COUNT_EPZUO": 0.18579123468426015,
    "ID_REQ_LCMD_CRMGETEINGEBAUTESZUBEHOER": 0.02709611829944547,
    "ID_REQ_LCMD_MONGETPRJNR": 0.030441829874305756,
    "ID_PUT_CRM_PROGRAMM_STATISTIK": 0.1730566326530612,
    "ID_REQ_LCMD_MONGET_INTERVENTIONSANWEISUNG": 0.026926757235676318,
    "ID_SEARCH_KVNUMMER": 0.08682157676348548,
    "ID_GET_LOGISTIK_MANUELL": 0.21008510638297873,
    "ID_REQ_LCMD_CRMSEARCHGERAETDATENDS": 0.5831800743785477,
    "ID_REQ_SENDGENERICMAIL_HTML": 0.053339519650655025,
    "ID_REQ_LCMD_CRMPUTGERAETDATEN": 0.02861568813131313,
    "ID_SCHREIBE_MEMOAVIA": 0.08195893719806763,
    "ID_REQ_LCMD_MONSEARCHVP": 1.2435098039215686,
    "ID_GET_MELDUNGSMERKER": 0.10900376383433155,
    "ID_REQ_KC_STORE7D3BPACKET": 0.14395149056752607,
    "ID_REQ_LCMD_MONGETMASTERSTATUS": 0.03696873939703278,
    "ID_REQ_LCMD_MONGETALARMEXV3": 0.15798894694772012,
    "ID_REQ_KC_GETQUITTIERTEPAKETE": 0.024385765643052726,
    "ID_REQ_KC_DELETEQUITTIERTEPAKETE": 0.02598523325738149,
    "ID_REQ_LCMD_MONRECHERCHEQTNACHTRAG": 0.07960116726136143,
    "ID_REQ_SENDGENERICMAIL": 0.11921014113957136,
    "ID_REQ_LCMD_MONQUITTIERUNGPARTEXV2": 0.08156978627067266,
    "ID_PRUEFE_AUF_NEUERE_ALARME": 0.046808914288587314,
    "ID_REQ_LCMD_MONGETREPLIDATAV2": 0.05147653095110222,
    "ID_GET_LSTDATA_EXTENDED": 0.10724494544228755,
    "ID_SCHREIBE_KQT_STATISTIK": 0.07618018456875321,
    "ID_GET_ABSCHLUSSINFO_VP": 0.04395467467596087,
    "ID_GET_ABSCHLUSSINFO_EP": 0.04425702138835541,
    "ID_SCHREIBE_ALARMSTANDZEIT": 0.06346705326189726,
    "ID_REQ_LCMD_MONQUITTIERUNGCOMPLETE": 0.07868627388501206,
    "ID_REFRESH_WORKER_TABLE": 0.061083228617397324,
    "ID_REQ_LCMD_MONGETKUNDENTEXTSEITEN": 0.04967659897513759,
    "ID_REQ_LCMD_MONGETHISTORY": 0.2837848455215794,
    "ID_HOLE_BM_STATUS": 0.02888888888888893,
    "ID_PUT_VERZOEGERUNGSSTATISTIK": 0.12628134547718683,
    "ID_SCHREIBE_ALARMVERZOEGERUNGSLOG": 0.024142129723176402,
    "ID_REQ_LCMD_MONACCEPTALARMEX": 0.09880590095483711,
    "ID_GET_GERAETEPARAMETER": 0.05059463379260333,
    "ID_REQ_LCMD_MONGETALARMWEBCAMLIST": 0.04654690337179093,
    "ID_REQ_CMD_CLIENTHEARTBEAT": 0.15670509135701088,
    "ID_GET_NUR_FUER_INTERN": 0.04685792349726776,
    "ID_REQ_LCMD_MONWRITEKUNDENTEXTSEITE": 0.09106475259621259,
    "ID_GET_AUSSTATTUNG": 0.05469877130400317,
    "ID_REQ_PUT_VITAKTANTRAEGE": 0.10713293084522503,
    "ID_PUT_KVNR_SUCHE": 0.040280645161290325,
    "ID_REQ_LCMD_MONQUITTIERUNGHISTORICAL": 0.04519568269568269,
    "ID_SCHREIBE_SERVICERECHERCHELOG": 0.07405968468468468,
    "ID_RECHERCHE_ENDE": 0.06509544859201048,
    "ID_GET_PHONEBOOK_NSL": 0.05272813442481689,
    "ID_REQ_LCMD_MONGET_EPIA": 0.03703379310344827,
    "ID_REQ_LCMD_MONGETEPN": 0.06303774937283478,
    "ID_PUT_AUSSTATTUNG": 0.09615322580645161,
    "ID_REQ_GET_ALARMNR_FOR_VERTRAGNR": 0.028853063652587746,
    "ID_REQ_LCMD_MONGETALARMONHOLDSUMMARY": 0.18435886319845857,
    "ID_REQ_LCMD_MONGETHISTORICALALARM": 0.5199058269570336,
    "ID_ACCEPT_RESEARCH": 0.07533488304518378,
    "ID_REQ_LCMD_MONGETHISTORICALALARM_AN": 0.5225794155019059,
    "ID_CHECK_VERTRAGSNUMMER": 0.05140523059617548,
    "ID_GET_TEMPORAERE_INFO": 0.050778373197403394,
    "ID_GET_RUFNRCODE_MERKERZUO": 0.05755056179775281,
    "ID_REQ_LCMD_MONGETSCHLUESSELDEPOTEX": 0.04873367528112054,
    "ID_REQ_SENDGENERICSMS": 0.1684437448672324,
    "ID_REQ_LCMD_MONGETTPPPUEBERSICHT": 0.05163565191207468,
    "ID_REQ_LCMD_CRMSCHREIBEAUFTRAGSDATEN": 1.8951681974741674,
    "ID_SWITCH_PAUSE_MODE": 0.10135290804833094,
    "ID_REQ_GET_MA_DATA": 0.04591640233295815,
    "ID_GET_NK_PERMITS": 0.03987070393374741,
    "ID_REQ_LCMD_MONSETZETERMINPLANER": 0.042668789808917196,
    "ID_REQ_LCMD_SEARCH_EP": 0.46453617443012885,
    "ID_REQ_LCMD_MONLOESCHETERMINPLANER": 0.04462099644128114,
    "ID_UPDATE_GERAETEZUSTAND": 0.07852270433905147,
    "ID_REQ_UPDATECLIENTLASTHEARDTIMESTAMPNSLCONTROL": 0.08951523249599146,
    "ID_GET_NOTIZBUCH": 0.05688720173535792,
    "ID_REQ_SENDGENERICFAX": 0.07613244795405599,
    "ID_REQ_GET_VERTRAGNR": 0.11172026641294007,
    "ID_REQ_LCMD_MONPUT_ALARMVERFOLGUNG": 0.07369611021069693,
    "ID_REQ_UPDATECLIENTLASTHEARDTIMESTAMPCRM": 0.09087152966793687,
    "ID_GET_BEDIENUNG_GERAETEDATEN": 0.1444887737478411,
    "ID_REQ_CMD_LOGIN_DATAMON": 0.029095384615384617,
    "ID_GET_PRJNR_TABLE_COMPLETE": 0.5307065502183406,
    "ID_GET_ALL_MITARBEITER": 0.5818639136555608,
    "ID_GET_TERMINPLAN_GRUPPE": 0.027348261638185035,
    "ID_GET_TERMINPLAN": 0.048200362647325475,
    "ID_GET_PLZ_LISTE": 0.06072618461527296,
    "ID_REQ_CMD_LOGOUT": 0.3352371695178849,